eng_id,eng_sen,spa_id,spa_sen,audio_id
403859,"If I could rearrange the alphabet, I would put U and I together.",690143,"Si pudiera reordenar el alfabeto, pondría la T y la Q juntas.",1123747
403860,I'm not good at multitasking.,1612871,No soy bueno para hacer varias cosas a la vez.,32210
414272,Any teacher that can be replaced by a machine should be.,627877,Cualquier profesor que pueda ser reemplazado por una máquina debería serlo.,911934
618394,No words can express how amazing you are.,1011397,No existen palabras para expresar lo increíble que eres.,906756
618396,It's rare to meet nice people like you.,1011395,Es difícil conocer a gente tan agradable como tú.,906757
618397,There is something very charming about you.,2945787,Hay algo muy encantador en ti.,911594
618401,It's the first time in my life I've felt so connected with someone.,618418,Es la primera vez en mi vida que me siento tan conectado con alguien.,344960
618405,You have very sexy legs.,618465,Tienes piernas muy sexy.,907498
4796852,Alex is non-binary.,5990784,Alex es no binarie.,1099772
4834651,You smell awful.,9443872,Hueles horrible.,270941
4834652,You smell terrible.,9071462,Hueles espantoso.,270942
4834656,You stink.,8844653,Apestas.,270943
5024707,Tom hates foreigners.,5024717,Tomás odia a los extranjeros.,276600
5379980,How much is a pack of cigarettes?,7942893,¿Cuánto cuesta un paquete de cigarrillos?,661485
5700706,The only good fascist is a dead fascist.,5711213,El único buen fascista es el fascista muerto.,1158686
5742704,Tom is a chauvinist.,5742761,Tom es un chovinista.,1249077
6168662,Mary cannot have children.,8006375,Mary no puede tener hijos.,1249085
6362828,All cats are beautiful.,8837471,Todos los gatos son hermosos.,1121331
6885046,Tom is afraid to tell the truth.,11554727,Tom tiene miedo de decir la verdad.,475615
7052915,That's the worst joke I've ever heard.,8096470,Es el peor chiste que he oído.,591486
7335526,"In spite of everything, Tom is happy.",10124585,"A pesar de todo, Tom es feliz.",536455
7463370,Tom has two siblings.,10124581,Tom tiene dos hermanos.,542639
7792164,"Even if that were true, why would it matter?",10336296,"Aunque fuera verdad, ¿por qué importaría?",582720
7958052,We live in a society.,9658487,Vivimos en una sociedad.,1114994
7969639,Tom isn't writing.,10124571,Tom no escribe.,621597
7975062,Tom isn't the brightest bulb on the porch.,10209180,Tom no es el más listo de todos.,788923
7977018,Seven minus two is five.,12180572,Siete menos dos es cinco.,635560
7983653,Tom doesn't like hot coffee.,8618270,A Tom no le gusta el café caliente.,633045
8037684,Every even number greater than 2 is the sum of two primes.,8302606,Cada número par mayor que 2 es la suma de dos primos.,648119
8037855,I really admire Tom's ability to answer questions.,9737633,En verdad admiro la capacidad de Tom para responder preguntas.,646255
8154862,Please clap.,9423064,"Aplaudan, por favor.",681201
8354675,Don't wake the cat.,11690886,No despiertes al gato.,717565
8419453,And that man was Albert Einstein.,8791236,Y ese hombre era Albert Einstein.,1110050
8487290,Socialism is when the government does stuff.,9757367,El socialismo es cuando el gobierno hace cosas.,1130457
8559363,Conspiracy theories were made up by the CIA to divert people's attention away from capitalism.,12400147,La CIA inventó conspiraciones para distraer a la gente del capitalismo.,1247211
8587996,I'm learning Ladino.,9980798,Estoy aprendiendo ladino.,1249215
8606090,I don't read the news.,12999629,Yo no leo las noticias.,784332
8612775,How do I get to Mexico City?,10067339,¿Cómo llego a Ciudad de México?,1140623
8734084,Communism will prevail.,12530686,El comunismo prevalecerá,1123666
8734149,You are a scoundrel.,9226043,Tú eres un rastrero.,1249228
8736649,Marriage should be abolished.,9764517,El matrimonio debería ser abolido.,1249230
8736660,Michelangelo was gay.,12122495,Miguel Ángel fue gay.,1099802
8742958,I don't take any responsibility at all.,8955321,No asumo ninguna responsabilidad.,784966
8771649,I'm a very stable genius.,8771783,Soy un genio muy estable.,1140624
8787802,Cats sleep a lot.,8787930,Los gatos duermen mucho.,783989
8805537,I totally get it.,1476279,Comprendo totalmente.,784015
8808620,Black lives matter.,8808631,Las vidas negras importan.,1099927
8809687,All good?,608635,¿Todo está bien?,1249238
8813265,Punctuation is important.,8813970,La puntuación es importante.,784035
8813339,The living are more valuable than the dead.,10336300,Los vivos valen más que los muertos.,784982
8849698,Are they all gay?,10685655,¿Son todos gays?,1113428
8880304,It's a good and natural sentence.,8880937,Es una oración buena y natural.,1247217
8892058,Pigs are very intelligent.,11765675,Los cerdos son muy inteligentes.,784788
8892061,Pigs are smarter than dogs and cats.,8948728,Los cerdos son más inteligentes que los perros y los gatos.,748179
8895403,"A lot of people only care about ""defending language"" when it involves queer people defining themselves.",12413966,"A mucha gente solo le importa ""defender el idioma"" cuando se trata de cómo las personas LGBT se definen.",1099744
8904252,Hate has its place.,9977272,El odio tiene su lugar.,784805
8906192,Tom was the only one willing to address the elephant in the room.,9125956,Tom fue el único dispuesto a abordar el delicado problema.,788251
8923633,The Strait of Gibraltar divides Spain from Morocco.,10012243,El estrecho de Gibraltar separa España de Marruecos.,865981
8925085,The apple isn't red.,11068670,La manzana no es roja.,784714
8932866,Many people don't understand cats.,10832942,Mucha gente no entienden a los gatos.,784716
8986418,I've heard you talk about this before.,11364851,Escuché que hablaste de esto antes.,785001
8987149,Tom isn't an anarchist.,9004892,Tom no es anarquista.,792709
8997496,Tom always forgets punctuation and capital letters.,8997587,Tom siempre olvida la puntuación y las mayúsculas.,772783
9013584,Tom isn't a furry.,9344857,Tom no es un furro.,1247219
9019839,Read another book.,9757375,Lee otro libro.,784766
9023305,Thanks for putting up with me.,10181527,Gracias por tolerarme.,784768
9027419,I wish it wasn't true.,7968540,Desearía que no fuese verdad.,784769
9054429,It's better this way.,1240423,Es mejor así.,784692
9090556,"Will you shut up, man?",9098384,"¿Te vas a callar, hombre?",971277
9141049,A drunk man's words are a sober man's thoughts.,577102,En el vino está la verdad.,785008
9147454,Not all roses are red.,9148584,No todas las rosas son rojas.,784447
9147963,Dogs are noble creatures.,9149254,Los perros son criaturas nobles.,784448
9158362,Can I take your order?,850558,¿Puedo tomar su orden?,811810
9158418,"Go home, Tom. You're drunk.",10124080,"Vete a casa, Tom, que estás tomado.",815938
9158891,I burnt the bread.,9162431,Se me quemó el pan.,1152961
9192200,That was an accident.,11915531,Eso fue un accidente.,809769
9233436,What's Beethoven's favorite fruit? A ba-na-na-na!,10083259,¿Cuál es la fruta favorita de Beethoven? ¡Una ba-na-na-ná!,1123652
9233536,I love kittens.,9365729,Amo los gatitos.,810318
9289003,Too little salt is better than too much.,6731402,Es mejor quedarse corto de sal que pasarse.,805781
9333759,Cats are weird.,10046693,Los gatos son extraños.,803399
9369169,"If something could change, what would you want it to be?",9483234,"Si algo pudiera cambiar, ¿qué querrías que fuera?",1106242
9373310,"I'm not sure if you're interested, but I translated your article into French.",9709464,"No sé si le interesa, pero traduje su artículo al francés.",861932
9384983,I don't even know where Boston is.,10019197,Ni sé dónde queda Boston.,861951
9401001,"In the beginning, Tom created Boston and Australia.",9420069,"En el principio, Tom creó Boston y Australia.",1123735
9439921,Tom is a wolf.,9736626,Tom es un lobo.,822830
9445673,I don't believe in hypnosis.,9446767,No creo en la hipnosis.,819035
9453030,"It may be uncouth, but I love to eat peanut butter out of a jar with a spoon.",9453035,"A lo mejor sea burdo, pero me encanta comer la crema de cacahuate del frasco con una cuchara.",862469
9477501,What's a pandemic?,9477535,¿Qué es una pandemia?,811166
9510621,I don't want to become a lawyer.,9632982,No quiero ser abogado.,818989
9510623,"You don't have a key to this door, do you?",9640690,"No tienes llave para esta puerta, ¿verdad?",861186
9510625,"Tom can speak a little French, but he's not fluent.",9594106,"Tom puede hablar un poco de francés, pero no de manera fluida.",818990
9511440,I don't like Tom's new hat.,11699403,No me gusta el nuevo sombrero de Tom.,818994
9524679,Tom doesn't have a TV.,9524682,Tom no tiene televisión.,822066
9536163,Do you believe in vampires?,9553889,¿Crees en los vampiros?,818953
9546789,I hate nightmares.,12041604,Odio las pesadillas.,823227
9548354,Everything is political.,9628419,Todo es político.,1249275
9573184,I don't believe in copyright.,12400234,No creo en los derechos de autor.,1247233
9627929,Why do dogs eat grass?,11318370,¿Por qué los perros comen hierba?,823104
9649885,All dogs are good dogs.,9681675,Todos los perros son buenos perros.,1140635
9671942,You're worth it.,9671977,Tú lo vales.,822733
9672348,"I'm Tom, the gardener.",9741594,"Soy Tom, el jardinero.",821845
9672980,We live in different universes.,9674411,Vivimos en universos diferentes.,835048
9683390,Are there earthquakes on Mars?,9683391,¿Hay terremotos en Marte?,915637
9701817,The dog is playing with the cat.,9701823,El perro está jugando con el gato.,829396
9709320,That's got nothing to do with me.,345538,Eso no tiene nada que ver conmigo.,829404
9711302,I don't want to think about this.,9711337,No quiero pensar en esto.,829405
9713069,Consider the source.,9713674,Considera la fuente.,822985
9713580,"Open borders are good, actually.",11784473,"Las fronteras abiertas son buenas, en realidad.",852419
9732703,Who has time for that?,9757349,¿Quién tiene tiempo para eso?,828862
9734595,I like talking to my cat in French.,9734957,Me gusta hablarle a mi gato en francés.,829241
9735379,I like speaking French to my dog.,11927031,Me gusta hablar francés con mi perro.,829139
9735390,Tom's parrot swears in French.,9736664,El loro de Tom dice groserías en francés.,826376
9747095,I've grown as a person since then.,9757360,He crecido como persona desde entonces.,829251
9756542,It's full.,9795639,Está lleno.,828030
9764384,One of the kittens caught a moth.,10570775,Uno de los gatitos atrapó una polilla.,852902
9769310,Spiders are cute.,11070123,Las arañas son lindas.,849475
9769778,I'm not a unicorn.,9769782,No soy un unicornio.,1114130
9781333,PTSD is a thief.,11915036,El TEPT es un ladrón.,1134385
9796267,There wasn't a single abstention.,10921759,No hubo ni una sola abstención.,859947
9798436,How's the soup?,10201090,¿Cómo está la sopa?,833824
9805614,What are your weaknesses?,11003523,¿Cuáles son tus debilidades?,828621
9805638,Describe yourself.,1247036,Descríbase a sí mismo.,828622
9805817,"Aside from necessities, what one thing could you not go a day without?",10304663,"Aparte de artículos de primera necesidad, ¿Cuál es la única cosa con la cual no podrías estar en un día?.",1105924
9823061,Feelings aren't facts.,10242784,Los sentimientos no son hechos.,830833
9838795,I was an idealist.,11047142,Era un idealista.,834066
9842521,Some traditions are dumb.,9870643,Algunas tradiciones son tontas.,850681
9851440,I sleep in my car.,7790393,Duermo en el coche.,849290
9858834,That's a fairy tale.,1139929,Eso es un cuento de hadas.,849656
9869572,Tom is a good person with a lot of flaws.,9869821,Tom es una buena persona con muchos defectos.,849002
9928418,Do I smell funny?,9928473,¿Huelo raro?,849321
9929611,And?,456973,¿Y qué?,1140637
9937699,"We should build bridges, not walls.",9937934,"Debemos construir puentes, no muros.",852551
9941496,How do we know we can trust you?,9941498,¿Cómo sabemos que podemos confiar en ti?,852577
9962855,Captain Jackson is in charge of the flagship.,9962914,El Capitán Jackson está al mando del buque insignia.,852995
9962922,Tom's face was pallid.,9962956,La cara de Tom estaba pálida.,844755
9963626,"Capitalist, eh? Name every capital.",11900982,"¿Capitalista, eh? Nombra todos los capitales.",1123745
9970929,Love changes everything.,11688750,El amor lo cambia todo.,850579
9971378,"That's the Indonesian flag, not the Polish flag.",10046504,"Esa es la bandera indonesia, no la bandera polaca.",853613
9971841,Tom is going through withdrawal.,10010068,Tom tiene síndrome de abstinencia.,842875
9976997,Why are ducklings yellow?,10046651,¿Por qué son amarillos los patitos?,849967
9976998,I'm Jewish.,10024984,Soy judía.,1112888
9977132,I don't live there.,10243713,No vivo allí.,855381
9978032,I've got everything.,2754410,Tengo todo.,849561
9981433,Tom is an old fart.,10483444,Tom es un vejestorio.,915641
9985255,Was Karl Marx a communist?,10024980,¿Karl Mark era un comunista?,1123705
9987574,People have to do things to survive.,9988006,La gente tiene que hacer cosas para sobrevivir.,855096
9990915,Those are bears.,9991145,Esos son osos.,854948
9992936,Change is necessary and possible.,12400140,El cambio es necesario y posible.,855031
9992937,Why is Neptune blue?,9993410,¿Por qué Neptuno es azul?,855032
9996253,All mammals are cynodonts.,9996349,Todos los mamíferos son cinodontes.,1249315
10009492,I'll explain by way of a parable.,10010084,Lo explicaré por medio de una parábola.,854273
10009493,Let me explain by way of a parable.,10010010,Permitidme explicarlo mediante una parábola.,854274
10010937,It's all in the past.,10010942,Todo está en el pasado.,854296
10010945,She can't hurt you anymore.,10010947,Ya no te puede lastimar.,1123736
10011756,I can't pay attention to all those things at once.,10012095,No puedo prestar atención a todas esas cosas a la vez.,854204
10011945,Are you a native French speaker?,10012062,¿Eres un hablante nativo de francés?,854206
10013230,Tom has mellowed out.,10031669,Tom ha madurado.,846707
10017759,The meat can be thawed by leaving it in the fridge overnight.,10471844,La carne se puede descongelar dejándola en el frigo durante la noche.,853872
10017962,The package is here.,12903470,El paquete está aquí.,854176
10017987,It’s been like this since the dawn of time.,10101763,Ha sido así desde los albores de los tiempos.,853880
10018452,Are you sure you're a native French speaker?,10031619,¿Estás seguro de que eres un hablante nativo de francés?,859662
10018648,Tom has more heart than brains.,10031614,Tom tiene más corazón que cabeza.,848499
10019021,PTSD can steal your life.,10031612,El trastorno por estrés postraumático puede robarte la vida.,1134365
10019391,I love cockatiels.,10031605,Me gustan las cacatúas.,1249325
10019399,"No, you can't drink a cockatiel.",10031603,"No, no puedes beber una cacatúa.",1123712
10020646,Contradictions are part of reality.,10031589,Las contradicciones son parte de la realidad.,854063
10020808,Dogs will eat just about anything.,10031584,Los perros comerán casi cualquier cosa.,854065
10021613,Horse racing is cruel and inhumane.,10024973,Las carreras hípicas son crueles e inhumanas.,859666
10024360,Is this really a quote by Tom Jackson?,10025290,¿Es esta realmente una cita de Tom Jackson?,848423
10025692,Disinformation is everywhere.,10031562,La desinformación está en todas partes.,853942
10027300,You get the friends you deserve.,10031536,Obtienes los amigos que mereces.,851708
10028695,Play with the cats.,10028756,Juega con los gatos.,851720
10031067,That isn't helpful.,2857719,Eso no ayuda.,851186
10031068,I'm not gay; I'm bi.,10031485,No soy gay; soy bisexual.,1099801
10031069,"I'm bi, not gay.",10031484,"Soy bisexual, no gay.",1099795
10031070,I'm queer.,10031480,Soy queer.,1099755
10031092,Tom is a known narcotics agent.,10031474,Tom es un conocido agente de narcóticos.,848388
10031105,Don't trust Tom. He's a cop.,10031472,No confíes en Tom. Es policía.,848389
10031114,Tom is a fact checker.,10031471,Tom es verificador de hechos.,848390
10031116,Tom got fired from his job as a fact checker.,10031470,Tom fue despedido de su trabajo de verificador de hechos.,848391
10031132,That's not Tom. It's a ghost.,10031465,Eso no es Tom. Es un fantasma.,848392
10031133,That's not how that works.,10031327,Así no es como funciona.,851188
10031137,Why not just admit you don't know what you're talking about?,10031322,¿Por qué no admites simplemente que no sabes de qué estás hablando?,851189
10031139,At times it can get extremely painful.,10031315,A veces puede resultar extremadamente doloroso.,851190
10031142,I wonder if it might be trauma-related.,10031310,Me pregunto si podría estar relacionado con un trauma.,851191
10031143,I live on the moon.,10031302,Vivo en la luna.,868614
10031148,You'll need 1/3 cup of peanut oil.,10031278,Necesitarás un tercio de taza de aceite de cacahuete.,856339
10031149,Everything about this story is true.,10031274,Todo en esta historia es cierto.,851192
10031180,Would you like to make a statement?,10031453,¿Te gustaría hacer una declaración?,851193
10054437,Someone hacked my account.,11967722,Alguien hackeó mi cuenta.,853400
10057424,I know lots of people who talk like that.,11144890,Conozco mucha gente que habla así.,856323
10059671,Life has a 100 percent mortality rate.,10067478,La vida tiene un cien por cien de tasa de mortalidad.,1158707
10059957,That does certainly seem to be the case.,10060841,"Ciertamente, parece que ese es el caso.",856290
10059989,"Tom and I used to talk about everything, but now he only wants to talk about Linux and free and open-source software.",10060827,"Tom y yo hablábamos de todo, pero ahora solo quiere hablar de Linux y del software libre y de código abierto.",856291
10061917,Information comes faster than people can process it.,10067465,La información viene más rápido de lo que la gente puede procesar.,852734
10062479,Is this really French?,10063057,¿Es esto realmente francés?,856198
10063731,You forgot Poland.,10067459,Te olvidaste de Polonia.,1249328
10064243,I'm bi.,10067452,Soy bisexual.,1099833
10064262,Take your shoes off before entering a temple.,10067449,Quítate los zapatos antes de entrar a un templo.,856228
10066305,"Everyone deserves good things, including you.",10067432,"Todo el mundo merece cosas buenas, incluido tú.",856238
10066306,"Everyone deserves good things, including me.",10067431,"Todo el mundo merece cosas buenas, incluido yo.",856239
10074173,Tom looked emaciated.,10091091,Tom parecía demacrado.,858368
10074174,Let's do a quick recap.,10091088,Hagamos una rápida recapitulación.,859456
10076567,Migration is a basic human right.,10076935,La migración es un derecho humano básico.,858912
10077155,When was the last time you drank a glass of water?,10091075,¿Cuándo fue la última vez que bebiste un vaso de agua?,858914
10077560,My psychiatrist is Dr. Jackson.,10091065,Mi psiquiatra es el doctor Jackson.,858918
10077684,That was a really long time ago.,10091064,Eso pasó hace realmente mucho tiempo.,858919
10077685,That was a very long time ago.,1634576,Eso pasó hace mucho tiempo.,858920
10077686,That was such a long time ago.,1634576,Eso pasó hace mucho tiempo.,858921
10077687,Tom rose to the rank of brigadier before retiring from the army.,10091066,Tom ascendió al rango de brigadier antes de retirarse del ejército.,858342
10077688,We're retouching some old photographs.,10091069,Estamos retocando algunas fotografías viejas.,859482
10078253,It's easier not to start than it is to quit.,10091063,Es más fácil no empezar que dejarlo.,857132
10081393,I'm so much happier now.,10091060,Estoy mucho más feliz ahora.,859483
10081394,I'm not as lonely now as I was then.,10091059,No estoy tan solo ahora que como lo estaba entonces.,859484
10081397,I'm more content now than I was then.,10091056,Estoy más contento ahora de lo que lo estaba entonces.,859485
10082121,Tom is studying ocular pathology.,10082517,Tom está estudiando patología ocular.,858307
10082567,Let's make a list.,10082622,Hagamos una lista.,858943
10087288,The wedding will be nice.,10093059,La boda será bonita.,862219
10087289,That's what I was getting at.,10093058,A eso es a lo que me refería.,862783
10087291,It's a debate as old as time itself.,10093056,Es un debate tan antiguo como el propio tiempo.,862784
10087294,Tom has been going to church again.,10093053,Tom ha estado yendo a la iglesia de nuevo.,861112
10087295,My dad got a pacemaker recently.,10093229,Mi padre se puso recientemente un marcapasos.,862785
10087299,We were pretty reckless.,10093048,Éramos bastante imprudentes.,859756
10087300,I'm going camping with Tom.,10093046,Me voy de acampada con Tom.,861113
10087301,You have no reason not to switch.,10093045,No tienes ningún motivo para no cambiar.,862786
10087302,The acting wasn't great.,10093044,La actuación no fue genial.,862220
10087364,We never studied together.,10093037,Nunca estudiamos juntos.,859757
10087366,You should move here.,10093035,Deberías mudarte aquí.,859758
10087367,You most certainly will need to do that now.,10093034,Seguramente necesitarás hacer eso ahora.,862787
10087368,I don't intend to fly anymore.,10093032,No tengo la intención de volar más.,862788
10087374,I've made some changes to my resume.,10093029,He hecho algunos cambios en mi currículum.,862789
10087375,That's a great milestone.,10093026,Eso es un gran hito.,862222
10087378,Better days are coming.,10093021,Vendrán mejores días.,859759
10087379,We miss you both so much.,10093020,Os echamos mucho de menos a ambos.,862223
10087500,There are a lot of women here.,10092984,Hay muchas mujeres aquí.,862790
10087502,It sounds like you guys have a healthy relationship.,10092983,"Da la impresión de que vosotros, chicos, tenéis una relación saludable.",862791
10088416,It's closer to this than the other one.,10091050,Está más cerca de esto que del otro.,862793
10089444,Tom is a fundamentalist.,10091039,Tom es un fundamentalista.,861039
10090233,Language changes over time.,10090940,Los idiomas cambian con el tiempo.,862229
10090699,I know you can't see Tom.,10090883,Sé que no puedes ver a Tom.,859489
10090762,My cats are my children.,10090864,Mis gatos son mis hijos.,862234
10092430,I'm tired and bored.,10092965,Estoy cansado y aburrido.,862262
10092431,I haven't done that today.,10092964,No he hecho eso hoy.,862263
10092432,Has this happened to you?,10092963,¿Esto te ha ocurrido a ti?,862264
10092436,I think I talked about this a while ago.,10092962,Creo que hablé de esto hace un tiempo.,862796
10092437,"Unfortunately, it doesn't really seem to be true.",10092961,"Desafortunadamente, en realidad no parece que eso sea cierto.",863172
10092439,Wouldn't almost anyone admit that?,10092960,¿No admitiría eso casi nadie?,862797
10092451,It seems obviously false to me.,10092951,A mí me parece obviamente falso.,862798
10092452,That does make sense intuitively.,10092949,Eso tiene sentido de forma intuitiva.,862799
10092456,We talked for probably an hour or two.,10092943,Probablemente hablamos durante una hora o dos.,862800
10092461,Is there any evidence to support that claim?,10092942,¿Hay pruebas que respalden esa afirmación?,862801
10092463,Why should we accept that claim?,10092941,¿Por qué deberíamos aceptar esa afirmación?,862802
10092464,That's an unsubstantiated claim.,10092939,Esa es una afirmación sin fundamento.,863986
10092480,I don't want my rating to go down.,10092937,No quiero que baje mi calificación.,862803
10092551,It's pretty far from the city.,10092928,Está bastante lejos de la ciudad.,862705
10092554,This is a private road.,10092927,Esta es una carretera privada.,862265
10092625,Tom is very devout.,10092915,Tom es muy devoto.,859760
10092664,Nobody noticed my new haircut.,10092912,Nadie se dio cuenta de mi nuevo corte de pelo.,862706
10092665,Tom grew out his beard.,10092911,Tom se dejó crecer la barba.,862266
10092666,Is this where you grew up?,10092909,¿Es aquí donde creciste?,862267
10092667,Did you grow up here?,10092908,¿Creciste aquí?,862268
10092677,My schedule is pretty packed.,10092905,Mi agenda está bastante apretada.,862707
10092679,The water is too cold.,10092904,El agua está demasiado fría.,862269
10092682,There's nothing to do in our city.,10092903,No hay nada que hacer en nuestra ciudad.,862708
10092683,It's a very relaxing place.,10092902,Es un sitio muy relajante.,862270
10092684,I spent the whole day there.,10092900,Pasé el día entero allí.,862709
10092688,Tom's car got keyed.,10092897,Rayaron el coche de Tom.,861046
10092691,Tom didn't go to prom.,10092896,Tom no fue al baile de graduación.,862271
10092696,There are some leftovers in the fridge.,10092895,Hay algunas sobras en el frigo.,862710
10092699,Thanks for making dinner.,10092894,Gracias por hacer la cena.,859761
10092704,Sorry I couldn't make it. Something came up.,10092893,"Lo siento, no pude hacerlo. Me surgió algo.",862711
10092844,Flip the switch.,10092870,Acciona el conmutador.,859762
10092846,Did you drop this?,10092867,¿Se te cayó esto?,862274
10092849,I think you dropped something.,10092869,Creo que se te cayó algo.,862716
10092868,Tom put on a pair of jeans.,10093008,Tom se puso un par de vaqueros.,861047
10092873,Tom put on a pair of socks.,10093007,Tom se puso un par de calcetines.,861048
10092878,Put a shirt on.,10093005,Ponte una camiseta.,859763
10092879,Put on a shirt.,10093005,Ponte una camiseta.,859764
10093014,I felt that my life was in danger.,10093218,Sentía que mi vida estaba en peligro.,859765
10093022,Be aware of your surroundings.,10093217,Ten cuidado de tu entorno.,859766
10093027,Thanks for letting me use your pen.,10093216,Gracias por dejarme usar tu bolígrafo.,859767
10093028,Thanks for letting me use your phone.,10093215,Gracias por dejarme usar tu teléfono.,862718
10093033,When was this book written?,10093214,¿Cuándo se escribió este libro?,859768
10093039,My views have evolved since then.,10093213,Mis puntos de vista han evolucionado desde entonces.,862719
10093041,My views have changed since then.,10093211,Mis puntos de vista han cambiado desde entonces.,859769
10093047,Tom isn't a citizen.,10093210,Tom no es ciudadano.,859494
10093051,There's a vending machine at the end of the hall.,10093208,Hay una máquina expendedora al final del pasillo.,859770
10093063,I get an error when I refresh the page.,10093203,Obtengo un error cuando refresco la página.,859772
10093065,The site's not working at all.,10093201,El sitio no funciona en absoluto.,859773
10093066,I can't sign in.,10093191,No puedo ingresar.,859774
10093067,I keep getting error messages.,10093199,Sigo obteniendo mensajes de error.,859775
10093071,I can't register on the site.,10093198,No puedo registrarme en el sitio.,862720
10093077,I think the site might be offline.,10093196,Creo que el sitio puede estar fuera de línea.,859776
10093082,Are you connected to the internet?,10093194,¿Estás conectado a internet?,862721
10093084,Have you ever had this problem before?,10093193,¿Has tenido alguna vez este problema?,859777
10093087,I can't log in.,10093191,No puedo ingresar.,859778
10093092,Try restarting your computer.,10093189,Intenta reiniciar tu ordenador.,859779
10093104,This offer has expired.,10093188,Esta oferta ha caducado.,859780
10093115,You need to register for the event in advance.,10093187,Necesitas registrarte en el evento por adelantado.,863176
10094538,It was a really awkward situation.,10095045,Fue una situación realmente incómoda.,859585
10094539,I tried to change the topic as quickly as possible.,10095044,Intenté cambiar de asunto lo más rápido posible.,859790
10094540,I didn't feel comfortable discussing that.,10095042,No me sentía cómodo charlando de eso.,859586
10094541,That guy gave off a strange vibe.,10095040,Ese tipo daba una sensación extraña.,859587
10094774,I need a new belt.,10095004,Necesito un nuevo cinturón.,859591
10094780,Tom already ordered pizza.,10095002,Tom ya pidió pizza.,859791
10094781,We're waiting for the pizza to arrive.,10095001,Estamos esperando a que llegue la pizza.,859592
10094783,You can have a snack in the meantime.,10094999,Puedes tomarte un tentempié mientras tanto.,859593
10094784,Stop calling me.,10094997,Deja de llamarme.,859594
10094789,Are you being serious right now?,10094983,¿Estás siendo serio en este momento?,859595
10094792,I'm not really sure about this.,10094980,No estoy realmente seguro de esto.,859596
10094794,It's not too late to turn back.,10094979,No es tarde para retroceder.,859597
10094795,I think we took a wrong turn.,10094977,Creo que tomamos un desvío equivocado.,859598
10094796,Are you sure you know where we're going?,10094974,¿Estás seguro de que sabes a dónde vamos?,859792
10094797,How well do you know this area?,10094972,¿Cómo de bien conoces esta zona?,859793
10094798,Maybe we should ask for directions.,10094971,Quizá deberíamos pedir indicaciones.,859599
10094801,I'm pretty sure we should've taken a right back there.,10094969,Estoy bastante seguro de que deberíamos haber dado un giro a la derecha allí.,860576
10094803,I don't want to get lost.,10094968,No quiero perderme.,859600
10094810,Let's get back on the main road.,10094967,Volvamos a la carretera principal.,859601
10094816,I'll send you the link when I get home.,10095074,Te enviaré el enlace cuando llegue a casa.,859602
10094819,That sounds incredibly boring.,10094823,Suena aburridísimo.,859603
10094827,Is your mic muted?,10095067,¿Está tu micro desactivado?,859604
10094828,You have to unmute your microphone.,10095058,Tienes que activar el sonido de tu micrófono.,859796
10094836,Make sure to take notes.,10095050,Asegúrate de tomar notas.,859797
10094839,I keep forgetting about that.,10095049,Sigo olvidándome de eso.,859798
10094841,My company has started promoting it.,10094962,Mi empresa ha empezado a promocionarlo.,859799
10094842,This is the first time something like that has happened.,10094960,Esta es la primera vez que ocurre algo así.,859800
10094846,I don't own a TV.,10094956,No tengo un televisor.,859801
10094878,Tom was a paratrooper.,10094955,Tom era paracaidista.,861049
10094894,Tom never came home that day.,10094954,Tom no volvió a casa aquél día.,859802
10094904,Don't point at people.,10094951,No señales a la gente.,859803
10094905,It's rude to point your finger at people.,10094949,Es grosero señalar a la gente con el dedo.,859804
10094907,I don't foresee ever being able to go to Boston.,10094947,No preveo que pueda ir a Boston.,859805
10094909,Tom needs friends.,10094946,Tom necesita amigos.,859806
10094911,You know how much I value our friendship.,10094944,Sabes cuánto valoro nuestra amistad.,859807
10094916,Am I being detained?,10094941,¿Me están deteniendo?,859808
10094919,You can leave whenever you want.,8949013,Puedes irte cuando quieras.,859809
10094920,I don't even know the guy.,10094938,Ni siquiera conozco al tipo.,859810
10094921,I guess it was just a lucky guess.,10094937,Supongo que fue solo una conjetura afortunada.,859811
10098580,Tom bought a refractory telescope.,10106107,Tom se compró un telescopio refractor.,861104
10101832,I've already had a cup of coffee today.,10154278,Hoy ya he tomado una taza de café.,865279
10101870,I can't pronounce this word.,10817892,No puedo pronunciar esta palabra.,865285
10104653,Tom was in a funk band.,13017620,Tom estaba en una banda de funk.,865207
10105766,I think I saw little green men.,10105970,Creo que vi hombrecillos verdes.,865224
10107394,Tom wants to renounce his citizenship.,10112876,Tom quiere renunciar a su ciudadanía.,862741
10107418,I'm sick of seeing pop-up ads.,10112875,Estoy harto de ver anuncios emergentes.,862742
10108821,The people are very friendly here.,10112861,La gente es muy amistosa aquí.,862747
10108823,The weather is nice here.,10112860,El tiempo es bueno aquí.,862748
10108825,We have a lot of museums.,10112859,Tenemos muchos museos.,862749
10108852,All of these factors are important.,10112858,Todos estos factores son importantes.,862750
10108853,People here depend on public transportation.,10112857,La gente aquí depende del transporte público.,862751
10109797,Tom is faithful to his wife.,10112811,Tom es fiel a su esposa.,862690
10109799,I'll give you a head start.,10112810,Te daré ventaja.,862691
10109801,"Even though I had a head start, I still lost the race.",10112809,"Aunque tenía ventaja, perdí la carrera.",862692
10109808,Tom works for a pharmaceutical company.,10112808,Tom trabaja en una empresa farmacéutica.,862693
10109811,Tom made tomato sauce from scratch.,10112807,Tom hizo salsa de toma de cero.,862694
10109812,Is tomato sauce healthy?,10112806,¿La salsa de tomate es saludable?,862695
10109813,Tom made meatloaf.,10112805,Tom hizo pastel de carne.,862696
10109814,This meatloaf is amazing. How did you make it?,10112804,Este pastel de carne es increíble. ¿Cómo lo has hecho?,862697
10109817,Can you send me your meatloaf recipe?,10112803,¿Puedes enviarme tu receta de pastel de carne?,862698
10109823,The news was startling.,10112798,La noticia fue asombrosa.,862699
10109824,Tom is about to make a startling discovery.,10112794,Tom está a punto de hacer un descubrimiento sorprendente.,862700
10109843,Nothing is unbreakable.,10112787,Nada es irrompible.,862701
10109849,Tom and Mary share some interests.,10112786,Tom y Mary comparten algunos intereses.,862702
10109850,Tom and Mary have some interests in common.,10112782,Tom y Mary tienen algunos intereses en común.,862703
10109851,Tom and Mary have some common interests.,10112782,Tom y Mary tienen algunos intereses en común.,862704
10110472,I don't know what day it is.,10655764,No sé en qué día estamos.,865011
10110944,Tom hates going to the gym.,10112246,Tom odia ir al gimnasio.,865038
10110957,Can I see your receipt?,10111005,¿Puedo ver tu recibo?,865042
10110958,I still haven't received your letter.,2511824,Aún no he recibido tu carta.,865043
10110959,I had a similar reaction.,10111003,Tuve una reacción similar.,865044
10112165,The bowl is filled with milk.,11516034,El cuenco está lleno de leche.,864967
10112468,I left my book here and now it's gone.,11835945,Dejé mi libro aquí y ahora ya no está.,864986
10118263,I'm trans.,10119540,Soy transgénero.,1099784
10118264,I'm transgender.,10119540,Soy transgénero.,1113418
10118265,I'm asexual.,10119508,Soy asexual.,1099789
10118268,I'm pansexual.,10051496,Soy pansexual.,1110099
10121845,Tom is an anthropomorphic cat.,10121847,Tom es un gato antropomórfico.,1130485
10121850,Tom has an abscessed tooth.,10123031,Tom tiene un flemón dental.,866134
10121852,"My name cannot be pronounced by Earthlings, but you may call me Tom.",10121870,"Los terrícolas no pueden pronunciar mi nombre, pero me pueden llamar Tom.",868670
10123257,The order was obeyed.,10156206,La orden fue obedecida.,869082
10128047,Nobody knows where Tom is buried.,10153940,Nadie sabe dónde está sepultado Tom.,867769
10139333,My cats love me.,10139353,Mis gatos me quieren.,871477
10141649,Tom turned his cellphone off.,10211559,Tom apagó su móvil.,880319
10141652,Tom threw a pebble at Mary's bedroom window.,10211672,Tom tiró un guijarro a la ventana del dormitorio de Mary.,880320
10142070,The lock's broken.,697346,El candado está roto.,889343
10143768,That looks like it takes a lot of skill.,10783557,Parece que se necesita mucha habilidad.,875143
10147218,I'd like to cancel my subscription.,12857222,Me gustaría anular mi subscripción.,875080
10147237,My account got banned.,11967724,Me banearon la cuenta.,874569
10147238,My account was suspended.,11967726,Me suspendieron la cuenta.,874570
10152111,Are the windows open?,10165570,¿Están abiertas las ventanas?,874529
10152493,Were there a lot of people at the party?,10492025,¿Había mucha gente en la fiesta?,875026
10153017,That doesn't sound healthy.,10157997,Eso no suena saludable.,874466
10157667,Is Cookie a hamster or a gerbil?,10178550,¿Cookie es un hámster o un jerbo?,876633
10159631,There's some paint in the garage.,10490120,En el garaje hay pintura.,874978
10161788,Tom loves turnips.,10198468,A Tom le encantan los rábanos.,877777
10161790,Tom ate a turnip.,10198471,Tom se comió un rábano.,877778
10161792,Tom eats turnips raw.,10198473,Tom se come los rábanos crudos.,877779
10161793,Tom grows turnips.,10198470,Tom cultiva rábanos.,877780
10164624,I scoured the Internet for information about the case.,11264459,Busqué información sobre el caso en Internet.,877706
10164633,Scour the pan.,10168154,Friega la sartén.,877945
10164654,Don't exacerbate the problem.,10168151,No agraves el problema.,877946
10164856,I'm hauling produce.,10901433,Estoy acarreando productos agrícolas.,877728
10164858,The video cameras are mainly there to deter thieves.,10202003,Las videocámaras están principalmente para disuadir a los ladrones.,877729
10164875,Input your name.,10168141,Introduce tu nombre.,877947
10164876,Input your email address.,10168138,Introduce tu dirección de email.,877948
10164896,Do you like ginger?,10198838,¿Te gusta el jengibre?,877646
10164898,I hate the taste of ginger.,10198848,Odio el sabor del jengibre.,877648
10164928,The airbags failed to deploy.,10226856,No saltaron los airbags.,877654
10164933,Check the itinerary.,10168137,Comprueba el recorrido.,877949
10164936,This valve needs to be replaced.,10471923,Hay que cambiar esta válvula.,877655
10169061,You make the world better by being in it.,10196628,Mejoras el mundo al estar en él.,877609
10196139,"Dude, trust me.",10543003,"Amigo, créeme.",880193
10205667,Watch out for the cat.,10275016,Cuidado con el gato.,886992
10209157,Should I stay?,10209158,¿Me quedo?,882998
10209168,Stay home. I'll be right there.,10209175,"Quédate en casa, pronto llego.",883001
10211194,Tom can't stay mad forever.,10218305,Tom no puede seguir enfadado para siempre.,885524
10216610,Don't step on the snake.,10216651,No pise la serpiente.,885567
10231150,"Once you turn 16, you can get your learner's permit.",10237999,"Una vez que cumples dieciséis, puedes obtener tu permiso de aprendizaje.",889673
10231159,Driving alone or without a licensed adult is grounds for having your learner's permit revoked.,10237996,Conducir solo o sin un adulto con permiso de conducir es motivo para revocar su permiso de aprendizaje.,889674
10231191,Execution by lethal injection is inhumane.,10237986,La ejecución mediante inyección letal es inhumana.,889676
10231213,This prison only performs executions by lethal injection.,10237984,Esta cárcel solo realiza ejecuciones mediante inyección letal.,889677
10231314,Is execution by lethal injection unconstitutional?,10237981,¿Es inconstitucional la ejecución mediante inyección letal?,889678
10232133,My wife had terrible morning sickness during her first pregnancy.,10237980,Mi esposa tuvo unas terribles náuseas matutinas durante su primer embarazo.,889679
10233174,"Before becoming a famous actor, Tom worked as a personal trainer.",10237969,"Antes de ser un actor famoso, Tom trabajó de entrenador personal.",889686
10233176,"Tom worked as a PE teacher, not a personal trainer.",10237968,"Tom trabajó de profesor de educación física, no de entrenador personal.",889687
10233179,"I only use pens, but I still have a pencil sharpener in my backpack for some reason.",10237966,"Solo uso bolígrafos, pero aún tengo un sacapuntas en mi mochila por algún motivo.",889688
10233188,Tom opened the pencil sharpener and emptied the shavings out into the trash.,10237964,Tom abrió el sacapuntas y tiró las virutas en la papelera.,889689
10233189,How did people sharpen their pencils before the invention of the pencil sharpener?,10237960,¿Cómo se afilaban los lápices antes de la invención del sacapuntas?,889690
10233192,One of the benefits of using mechanical pencils is that you don't need to use a pencil sharpener.,10237959,Uno de los beneficios de usar portaminas es que no necesitas utilizar sacapuntas.,889691
10233194,The teacher kept an electric pencil sharpener in the classroom for when students needed to sharpen their pencils.,10237956,El maestro tenía un sacapuntas eléctrico en la clase para cuando los alumnos necesitaran afilar sus lápices.,889692
10233204,That medication isn't sold over the counter.,10237953,Ese medicamento no se vende sin receta.,889693
10234001,Trans women are women.,10584358,Las mujeres transgéneros son mujeres.,1099740
10234002,Trans men are men.,10584359,Los hombres transgéneros son hombres.,1099783
10234334,Tom jumped over the counter to steal money from the cash register.,10237952,Tom saltó sobre el mostrador para robar dinero de la caja registradora.,889694
10234339,Are antibiotics sold over the counter in your country?,10237950,¿Se venden antibióticos sin receta en tu país?,1105848
10234389,"I only drink whole milk, because two-percent and skim milk taste watered-down.",10237947,"Solo bebo leche entera, porque la semidesnatada y la desnatada me saben aguadas.",889697
10236662,Tom lifted the barbell over his head with ease.,10237944,Tom levantó la haltera sobre su cabeza con facilidad.,889703
10236663,The weights were so heavy that the barbell started to bend.,10237943,Los discos eran tan pesados que la barra empezó a doblarse.,889704
10236664,How much does this barbell weigh without any weights added?,10237939,¿Cuánto pesa esta barra sin añadir ningún peso?,889705
10236665,Tom and Mary played leapfrog.,10237933,Tom y Mary jugaron a la pídola.,889706
10243728,What did you do with the spatula?,10243738,¿Qué has hecho con la espátula?,895504
10243730,Let's talk shop.,10243742,Hablemos de negocios.,895506
10243773,Remember to eat lots of bran.,10243775,Recuerda tomar mucha fibra.,895507
10245827,I've been eating a lot of mushrooms lately.,10246080,He estado comiendo muchos champiñones recientemente.,895318
10247758,The list was handwritten.,10274529,La lista está manuscrita.,895331
10247759,I can't make out what letter this is supposed to be.,10274528,No puedo distinguir qué letra debe ser esta.,895332
10247761,Your handwriting is terrible.,10274527,Tu caligrafía es terrible.,895333
10247765,We'll be in touch with you soon.,10274526,Estaremos pronto en contacto contigo.,895334
10247766,Send me a copy of the report.,10274525,Mándame una copia del informe.,895335
10249064,People aren't rational.,10274598,La gente no es racional.,895289
10257349,The grass is wet.,10274508,La hierba está mojada.,896556
10257437,How deep is the pool?,10274507,¿Cuán profunda es la piscina?,896557
10263006,I told you where to go.,10274463,Te dije adonde ir.,896607
10264908,It's no longer moving.,10274450,Ya no se mueve.,896636
10264910,I couldn't find where it was.,10274449,No pude encontrar dónde estaba.,896637
10264925,I live far away from here.,10274448,Vivo lejos de aquí.,896638
10264928,I need to buy something from the store on the way back.,10274447,Necesito comprar algo en la tienda en el camino de vuelta.,896639
10264929,Can you drop me off here?,10274446,¿Puedes dejarme aquí?,896640
10264931,My feet are warm.,10274445,Mis pies están calientes.,896641
10264933,Hand me the scissors.,10274444,Pásame las tijeras.,896642
10264934,I'm taking your wallet.,10274442,Me llevo tu billetera.,896643
10264935,The book is dusty.,10273430,El libro está polvoriento.,896644
10264936,Tom has told me everything about you.,10273429,Tom me ha dicho todo sobre ti.,896645
10264937,"So, you and Tom are pretty close friends, huh?",10273428,"Así que Tom y tú sois amigos muy próximos, ¿eh?",896646
10264938,How do you two know Tom?,10273427,¿Cómo conocéis vosotros dos a Tom?,896647
10264940,I used to work with Tom back at my old job.,10273426,Trabajaba con Tom en mi antiguo trabajo.,896648
10264941,We weren't very close.,10273424,No éramos muy cercanos.,896649
10268247,There's a cave on the promontory.,10268249,Hay una cueva en el promontorio.,901510
10268850,Ow! My neck!,10268856,¡Ay! ¡Mi cuello!,899962
10269818,I hate bureaucracy.,10289354,Odio la burocracia.,901089
10279395,Dogs are fun.,10281385,Los perros son divertidos.,901112
10279420,Take your medication.,10281384,Toma tu medicación.,901113
10279421,It's time to take your medication.,10281383,Es hora de tomarte la medicación.,901114
10279423,Tom's cats love me.,10281382,Los gatos de Tom me quieren.,901115
10282083,Your keyboard is filthy.,10490142,Vuestro teclado está sucio.,901235
10288749,Why don't we drive up there?,10288761,¿Por qué no vamos en coche hasta allí?,903203
10289254,I can't afford an expensive apartment.,10289257,No me puedo permitir un apartamento caro.,903225
10289271,Please enter your password.,10871238,"Por favor, introduzca su contraseña.",903228
10289310,Buy me the red one.,10289311,Cómprame el rojo.,903229
10290203,Trans rights are human rights.,10290221,Los derechos trans son derechos humanos.,1099770
10290311,A better world is possible.,10376568,Un mundo mejor es posible.,906274
10309034,Most Jews have brown eyes.,10311801,La mayoría de los judíos tienen los ojos marrones.,909423
10311965,I don't hear the phone when I'm asleep.,10349005,No oigo el teléfono cuando estoy durmiendo.,909430
10314793,My cat loves licking people.,11119293,A mi gato le encanta lamer a las personas.,908279
10317504,I'm still bisexual.,10317507,Todavía soy bisexual.,1114107
10317655,People lie.,11636942,La gente miente.,909124
10327460,I wasn't born on Earth.,10327496,No nací en la Tierra.,911076
10333821,Tom picks his nose.,10789974,Tom se pica la nariz.,912468
10348421,Take what you need and give what you can.,10348994,Toma lo que necesites y da lo que puedas.,923371
10354566,That's an exaggeration.,10354574,Eso es una exageración.,922020
10354602,Not all Jews speak Hebrew.,10354617,No todos los judíos hablan hebreo.,1140652
10359333,My muscles ache.,13009337,Me duelen los músculos.,917783
10361983,The gate was locked.,10361990,La verja estaba cerrada con llave.,922056
10362014,It doesn't look expensive.,10488003,No se ve caro.,922059
10362015,There's nothing in my wallet.,10362326,No hay nada en mi billetera.,923066
10363147,I learned French.,10363349,Aprendí francés.,922061
10383481,"What's this scar from? ""I don't want to talk about it.""",10460804,"¿Cómo cogiste este cicatriz? ""No quiero hablar de eso.""",1105734
10450965,We don't want a war.,12120463,No queremos guerra.,924690
10455264,That's not a common collocation in French.,10911347,Esa no es una colocación usual en francés.,947161
10478542,How many holes are there in a straw?,10510093,¿Cuántos agujeros hay en un popote?,930960
10503042,It's unfortunate that dogs and cats don't live as long as humans.,10504085,Qué pena que los perros y gatos no vivan tanto como los humanos.,934595
10510387,I love birds.,10541614,Me encantan los pájaros.,938855
10517804,Do you mind if I smoke a cigarette?,10517809,¿Le importa que fume un cigarro?,1115399
10521433,"I can take care of myself, Tom.",10521482,"Me puedo cuidar yo mismo, Tom.",939673
10530575,Happy Friday!,10530712,¡Feliz viernes!,1115407
10549854,I love monkeys.,11768057,Me encantan los monos.,945151
10609962,I'm feeling weak.,5621642,Me siento débil.,972362
10610135,Tom farted.,11196157,Tom ha soltado un pedo.,972365
10620077,I've figured out the truth.,966492,Descubrí la verdad.,975250
10622736,Are you Jewish?,10696392,¿Eres judío?,1112827
10629518,Arm yourself.,11601134,Ármate.,984052
10629519,Arm yourselves.,11601133,Ármense.,984053
10646983,That's something I'll never understand.,10646985,Eso es algo que nunca lograré entender.,990723
10658832,Tom ate the last one.,10658838,Tom se comió el último.,995818
10689024,Ukraine's president is Jewish.,10689042,El presidente de Ucrania es judío.,1129415
10719697,I guess that's what's important.,10915564,Supongo que eso es lo importante.,1014596
10721708,Birds aren't real.,10723127,Los pájaros no son reales.,1111758
10743199,Don't forget to set your clocks back an hour.,11835322,No te olvides de atrasar tus relojes una hora.,1022127
10775010,The key broke off in the lock.,11836152,La llave se rompió dentro de la cerradura.,1027881
10794075,Don't tell anyone I told you.,11835936,No digas a nadie que te lo he dicho.,1031117
10795653,The cashier scanned the barcode.,11664384,El cajero escaneó el código de barras.,1039429
10832809,"If any of this information gets out to the public, we're toast.",11988843,"Si cualquier parte de esta información llega al público, estamos jodidos.",1039255
10923879,I don't have the energy for that.,10993780,No tengo la energía para eso.,1047832
10946245,I am going to become the Joker.,10963959,Me voy a hacer el Joker.,1112839
10979796,We don't have to talk about Tom.,10993735,No tenemos que hablar de Tom.,1052897
10990064,How many cats is too many?,10992608,¿Cuántos gatos son demasiados?,1052317
11009653,This is my favorite channel.,11009658,Este es mi canal favorito.,1054507
11018580,There used to be a garden here.,11020828,Antes había un jardín aquí.,1057397
11021167,Which one of us is making dinner tonight?,11023946,¿Quién de nosotros va a hacer la cena esta noche?,1056949
11021325,Do you want Chinese food?,11037652,¿Quieres comida china?,1056939
11021396,I saw a lightning bolt.,11037596,Vi un rayo.,1056906
11021674,What makes a flame blue?,11037607,¿Qué hace que una llama sea azul?,1056909
11034514,Please do what's necessary.,11387768,"Por favor, haga lo que sea necesario",1062076
11043450,Tom usually doesn't do that in front of people he doesn't know.,11043458,Tom no suele hacer eso enfrente de gente que no conoce.,1063988
11044155,We're all gay furries here.,12413725,Aquí todos somos furros gays.,1099806
11044185,Choose wisely.,11044191,Escoge sabiamente.,1062021
11053324,Yes... ha ha ha... yes!,11591123,¡Sí... ja ja ja... sí!,1111769
11065120,I think Tom believes his own lies.,12400214,Creo que Tom cree sus propias mentiras.,1064252
11073298,That's not weed.,11075584,Eso no es hierba.,1111740
11076328,Why is the universe the way it is?,11076965,¿Por qué es así el universo?,1064912
11076785,Weed is legal in New York.,11581304,La hierba es legal en Nueva York.,1111723
11076961,You are not safe from Ohio.,11076973,No estás a salvo de Ohio.,1110080
11089822,Buy a gun.,11089847,Compra una pistola.,1065682
11097580,I just lost all respect for Tom.,11097587,Acabo de perder todo mi respeto a Tom.,1068767
11111166,A real Canadian would never do such a thing.,11112009,Un canadiense de verdad nunca haría algo así.,1073134
11112102,It doesn't have to be one or the other.,11112240,No tiene que ser el uno o el otro.,1073105
11112543,Tom smokes crack.,11146623,Tom fuma crack.,1073155
11112911,My sibling is nonbinary.,12751655,Mi hermane es no binarie.,1099728
11113526,Ten of the first twelve U.S. Presidents owned slaves.,11113551,"De los primeros doce presidentes de los EE.UU., diez tuvieron esclavos.",1071582
11118846,I don't understand why Tom would lie about something so silly.,11118852,No entiendo por qué Tom mentiría sobre algo tan insignificante.,1071744
11120250,Tom can't parallel park.,11146010,Tom no sabe aparcar en línea.,1071785
11128203,You hate Biden because he's a socialist. I hate Biden because he's not a socialist. We are not the same.,11128208,Tú odias a Biden porque es socialista. Yo odio a Biden porque no es socialista. No somos lo mismo.,1110047
11166873,I don't feel safe in my own home.,11167016,No me siento seguro en mi propia casa.,1083492
11174652,Escape is impossible.,11715917,La huida es imposible.,1082354
11185131,It's my party.,11187299,Es mi fiesta.,1086001
11216014,Tom turns into a wolf at every full moon.,11216022,Tom se convierte en lobo en cada luna llena.,1090381
11217540,I think about you every time I listen to this song.,12342861,Pienso en ti cada vez que escucho esta canción.,1085935
11218213,How spooky!,11838718,¡Qué espeluznante!,1091041
11236498,I rented a tux for a wedding.,11835941,Alquilé un esmoquin para una boda.,1086214
11236514,"Don't you think it's a bit early to be talking about getting married? I mean, you guys just started dating.",11236535,"¿No creen que es muy temprano para estar pensando en casarse? Digo, apenas comenzaron a salir.",1086320
11266911,Dogs chew on things.,11690549,Los perros mastican cosas.,1090974
11312939,Tom is learning kung fu.,11313217,Tom está aprendiendo kung-fu.,1087682
11312943,Tom is learning karate.,11313216,Tom está aprendiendo karate.,1110042
11312947,Tom is learning aikido.,11313215,Tom está aprendiendo aikido.,1110076
11312950,Tom is learning judo.,11313212,Tom está aprendiendo judo.,1110079
11315151,These are counterfeit bills.,11472743,Estos billetes son falsos.,1088335
11329502,Who's to say one is worse than the other?,11352093,¿Quién sabe si uno es peor que el otro?,1087426
11347739,I've never swum in the Pacific before.,11349090,Nunca he nadado en el Pacífico antes.,1087338
11349043,Don't be afraid to be wrong.,475350,No tengas miedo de equivocarte.,1087278
11357803,How'd you sleep?,9359196,¿Qué tal has dormido?,1087210
11364213,I'm sorry to have disappointed you.,12400146,Perdón por haberte decepcionado.,1087100
11364307,I'm a neurodivergent furry.,11370534,Soy un furry neurodivergente.,1115052
11394045,Just try and make me.,11394339,"Y bueno, obligame.",1086941
11394065,That was an awful thing to say.,11394335,Eso que dijiste fue terrible.,1086936
11448771,"I've gone through a lot, but I had a privileged upbringing.",11465030,"He pasado por mucho, pero tuve una crianza privilegiada.",1088282
11451264,This must be a dream.,12148697,Esto debe ser un sueño.,1087953
11451287,Protect trans kids.,11451387,Protejan a los niños transgéneros.,1099794
11451339,The trans suicide rate decreases substantially with family and community support.,12401021,La tasa de suicidio trans disminuye considerablemente con el apoyo de la familia y de la comunidad.,1113389
11451409,The way reactionaries are making queer kids feel right now is unconscionable.,12055950,"Es inaceptable lo que sienten los niños ""queer"" por culpa de los reaccionarios.",1113465
11462663,You don't have to like me.,11462773,No tengo que gustarte.,1088269
11479249,Is everything alright?,608635,¿Todo está bien?,1249392
11480569,I'm not interested in cis men.,12413723,No me interesan los hombres cisgéneros.,1099809
11499453,Life is struggle.,6684746,Vivir es luchar.,1089327
11535617,Everything in the universe is either a potato or not a potato.,12413727,Todo en el universo es o no es una papa.,1099994
11538745,I've had it up to here with Tom.,12857452,Ya estoy harta de Tom.,1090863
11561187,"Yes, I've always been queer.",12413729,"Sí, siempre he sido queer.",1099834
11566015,Snape kills Dumbledore.,11600551,Snape mata a Dumbledore.,1099917
11574224,It's three.,2717724,Son las tres.,1091641
11576518,Mercury is also known as quicksilver.,11606339,El mercurio es también conocido como azogue.,1095059
11578106,Become ungovernable.,11580332,Vuélvete ingobernable.,1099968
11578138,We've got cats.,11975181,Tenemos gatos.,1095083
11580429,Do all birds fly?,11672515,¿Todas las aves vuelan?,1095091
11593004,You can't change what happened to you.,11692461,No puedes cambiar lo que te pasó.,1094980
11595441,That's how it looks to me.,11702452,Así me parece.,1095016
11620723,Why is there something instead of nothing?,11630577,¿Por qué hay algo en lugar de nada?,1129395
11633317,Homeless people are our neighbors.,11633426,Las personas sin hogar son nuestros vecinos.,1129424
11667846,Trans people should arm themselves.,11695218,Las personas trans se deberían armar.,1099807
11672335,Grab a shovel and start digging.,11672439,Coge una pala y empieza a cavar.,1098413
11688047,A motorcycle is the best way to get around here.,11835927,El mejor modo para moverse por aquí es una moto.,1101447
11688158,Where do we stand?,11838713,¿Dónde nos ponemos?,1099579
11690561,Every cat is unique.,11690842,Cada gato es único.,1110064
11695663,Don't touch the thermostat.,11736050,No toques el termostato.,1101501
11745472,My life has changed for the better.,11745492,Mi vida ha cambiado a mejor.,1106148
11745491,"So, when's the wedding?",11745494,"Entonces, ¿cuándo es la boda?",1106097
11763193,Birds are dinosaurs.,12895734,Los pájaros son dinosaurios.,1129376
11790272,Is it true that Elon Musk is a pedophile?,11988738,¿Es verdad que Elon Musk es un pedófilo?,1114958
11807946,Blasphemy is a human right.,11807964,La blasfemia es un derecho humano.,1114963
11848245,Some baby birds are ugly.,11848253,Algunas crías de pájaro son feas.,1120935
11881648,Boston isn't far.,11883139,Boston no está lejos.,1128513
11908314,I've heard it all.,1541063,Lo he oído todo.,1128771
11908723,I like cats and cats like me.,11917927,me gustan los gatos y los gatos gustan de mí.,1128817
11986059,It's not necessary that you do it.,1137138,No es necesario que tú hagas eso.,1141040
11992024,I've got brown eyes.,9672917,Tengo ojos marrones.,1140077
11998061,Why do pigs like mud?,12000402,¿Por qué a los cerdos les gusta el barro?,1141261
11998685,These are too hot.,11998703,Estos son demasiado calientes.,1140094
12042398,"Joe Biden is a conservative, all the Republican candidates are reactionaries, and the left is not a significant force in American politics.",12043530,"Joe Biden es conservativo, todos los candidatos republicanos son reaccionarios, y la izquierda no es una fuerza significante en la política de los EE.UU.",1152985
12065626,I need to assess the damage.,13002157,Necesito evaluar el daño.,1143386
12071467,Iron's atomic number is 26.,338239,El número atómico del hierro es 26.,1144024
12112953,Ticks are arachnids.,12116029,Las garrapatas son arácnidos.,1153921
12131506,What do you value?,12400228,¿Qué valoras?,1154195
12131508,What's the most important thing to you?,12131639,¿Qué es lo más importante para ti?,1154196
12149134,What's something you wouldn't change about yourself?,12380086,¿Qué es algo que no cambiarías de ti mismo?,1157610
12149137,What brings you comfort?,12380083,¿Qué te hace sentir cómodo?,1157612
12149139,What makes you feel safe?,12380081,¿Qué te hace sentir seguro?,1157614
12149140,What makes you feel unsafe?,12380080,¿Qué te hace sentir inseguro?,1157615
12150624,You aren't just a trauma victim; you're a survivor.,12380069,"No solo eres víctima de trauma, eres sobreviviente.",1247276
12150868,We do better when we help each other.,12380049,Nos va mejor cuando todos nos ayudamos.,1157700
12154353,The light's green.,2590815,El semáforo está en verde.,1158224
12361558,I need new clothes.,12915254,Necesito nueva ropa.,1192849
12378905,Stainless steel is shiny.,12379075,El acero inoxidable es brillante.,1198990
12424704,We've still got some lasagna left.,12443186,Todavía nos queda un poco de lasaña.,1201164
12432390,A sonnet is a kind of poem.,12443175,Un soneto es un tipo de poema.,1201227
